{
  "losses": [
    0.928503890688553,
    0.7128273205558818,
    0.5273900124737841,
    0.36939923042199063,
    0.25332562164630856,
    0.17281442136919736,
    0.11449820715361435,
    0.0743227517181775,
    0.04839569188075083,
    0.03016903627812054,
    0.019247754503910516,
    0.012719982163896398,
    0.008716877591989894,
    0.006444599831419547,
    0.004916916441788752,
    0.0038395811071885483,
    0.0032930291228536954,
    0.003045702935617491,
    0.0025269378226748913,
    0.002188181446083766,
    0.0021097531979423602,
    0.0018636367316812506,
    0.0018927756512527494,
    0.0018233095703496652,
    0.0016591307394725236,
    0.001424783533422199,
    0.0014545033247147772,
    0.001335779452899801,
    0.0013779588551033175,
    0.0014079741057065134,
    0.0011963811526192894,
    0.0012181200782615173,
    0.0011625524855426817,
    0.001083707780586505,
    0.0009876403900345022,
    0.0009619042346385354,
    0.0010006129775088108,
    0.0010894837327786531,
    0.0010505061669049492,
    0.0008855484449494104
  ],
  "metrics": {
    "both": {
      "optimistic": {
        "adjusted_arithmetic_mean_rank": 0.03568332042155802,
        "adjusted_arithmetic_mean_rank_index": 0.9643638062375696,
        "adjusted_geometric_mean_rank_index": 0.999958333718655,
        "adjusted_hits_at_k": 0.9408855555477939,
        "adjusted_inverse_harmonic_mean_rank": 0.9315590582923066,
        "arithmetic_mean_rank": 730.1961,
        "count": 10000.0,
        "geometric_mean_rank": 1.6273967749622884,
        "harmonic_mean_rank": 1.0734476693882085,
        "hits_at_1": 0.9253,
        "hits_at_10": 0.9409,
        "hits_at_3": 0.9358,
        "hits_at_5": 0.9386,
        "inverse_arithmetic_mean_rank": 0.0013694951260353212,
        "inverse_geometric_mean_rank": 0.6144782977237822,
        "inverse_harmonic_mean_rank": 0.9315777829858547,
        "inverse_median_rank": 1.0,
        "median_absolute_deviation": 0.0,
        "median_rank": 1.0,
        "standard_deviation": 4276.986231757684,
        "variance": 18292611.226644795,
        "z_arithmetic_mean_rank": 167.02842044680477,
        "z_geometric_mean_rank": 100.07671231560299,
        "z_hits_at_k": 6018.38551788346,
        "z_inverse_harmonic_mean_rank": 14703.528733468185
      },
      "pessimistic": {
        "adjusted_arithmetic_mean_rank": 0.03568337417650475,
        "adjusted_arithmetic_mean_rank_index": 0.9643637524799957,
        "adjusted_geometric_mean_rank_index": 0.9999583336829958,
        "adjusted_hits_at_k": 0.9408855555477939,
        "adjusted_inverse_harmonic_mean_rank": 0.9315590576285209,
        "arithmetic_mean_rank": 730.1972,
        "count": 10000.0,
        "geometric_mean_rank": 1.6273973119059668,
        "harmonic_mean_rank": 1.0734476701528728,
        "hits_at_1": 0.9253,
        "hits_at_10": 0.9409,
        "hits_at_3": 0.9358,
        "hits_at_5": 0.9386,
        "inverse_arithmetic_mean_rank": 0.0013694930629698388,
        "inverse_geometric_mean_rank": 0.6144780949827335,
        "inverse_harmonic_mean_rank": 0.9315777823222506,
        "inverse_median_rank": 1.0,
        "median_absolute_deviation": 0.0,
        "median_rank": 1.0,
        "standard_deviation": 4276.990523593916,
        "variance": 18292647.938912157,
        "z_arithmetic_mean_rank": 167.02841113595903,
        "z_geometric_mean_rank": 100.07671231203419,
        "z_hits_at_k": 6018.38551788346,
        "z_inverse_harmonic_mean_rank": 14703.528722991134
      },
      "realistic": {
        "adjusted_arithmetic_mean_rank": 0.035683347556734434,
        "adjusted_arithmetic_mean_rank_index": 0.964363779101067,
        "adjusted_geometric_mean_rank_index": 0.9999583336996991,
        "adjusted_hits_at_k": 0.9408855555477939,
        "adjusted_inverse_harmonic_mean_rank": 0.9315590173950248,
        "arithmetic_mean_rank": 730.1966552734375,
        "count": 10000.0,
        "geometric_mean_rank": 1.627397060394287,
        "harmonic_mean_rank": 1.0734477043151855,
        "hits_at_1": 0.9253,
        "hits_at_10": 0.9409,
        "hits_at_3": 0.9358,
        "hits_at_5": 0.9386,
        "inverse_arithmetic_mean_rank": 0.0013694941299036145,
        "inverse_geometric_mean_rank": 0.6144781708717346,
        "inverse_harmonic_mean_rank": 0.931577742099762,
        "inverse_median_rank": 1.0,
        "median_absolute_deviation": 0.0,
        "median_rank": 1.0,
        "standard_deviation": 4276.98779296875,
        "variance": 18292626.0,
        "z_arithmetic_mean_rank": 167.0284157467454,
        "z_geometric_mean_rank": 100.07671231370587,
        "z_hits_at_k": 6018.38551788346,
        "z_inverse_harmonic_mean_rank": 14703.528087954244
      }
    },
    "head": {
      "optimistic": {
        "adjusted_arithmetic_mean_rank": 0.03532727009739538,
        "adjusted_arithmetic_mean_rank_index": 0.9647198750551187,
        "adjusted_geometric_mean_rank_index": 0.9999582586042578,
        "adjusted_hits_at_k": 0.9405854818865832,
        "adjusted_inverse_harmonic_mean_rank": 0.9303226738483488,
        "arithmetic_mean_rank": 722.8934,
        "count": 5000.0,
        "geometric_mean_rank": 1.628544570757182,
        "harmonic_mean_rank": 1.0748738447450215,
        "hits_at_1": 0.9236,
        "hits_at_10": 0.9406,
        "hits_at_3": 0.9348,
        "hits_at_5": 0.9378,
        "inverse_arithmetic_mean_rank": 0.001383329824286679,
        "inverse_geometric_mean_rank": 0.6140452143321175,
        "inverse_harmonic_mean_rank": 0.9303417372084416,
        "inverse_median_rank": 1.0,
        "median_absolute_deviation": 0.0,
        "median_rank": 1.0,
        "standard_deviation": 4319.9278651427085,
        "variance": 18661776.760036442,
        "z_arithmetic_mean_rank": 118.15052700650804,
        "z_geometric_mean_rank": 70.77015367721198,
        "z_hits_at_k": 4254.234286667019,
        "z_inverse_harmonic_mean_rank": 10383.044698899103
      },
      "pessimistic": {
        "adjusted_arithmetic_mean_rank": 0.03532730919280844,
        "adjusted_arithmetic_mean_rank_index": 0.964719835957795,
        "adjusted_geometric_mean_rank_index": 0.9999582585433894,
        "adjusted_hits_at_k": 0.9405854818865832,
        "adjusted_inverse_harmonic_mean_rank": 0.9303226725303321,
        "arithmetic_mean_rank": 722.8942,
        "count": 5000.0,
        "geometric_mean_rank": 1.6285454873163836,
        "harmonic_mean_rank": 1.0748738462673804,
        "hits_at_1": 0.9236,
        "hits_at_10": 0.9406,
        "hits_at_3": 0.9348,
        "hits_at_5": 0.9378,
        "inverse_arithmetic_mean_rank": 0.001383328293407251,
        "inverse_geometric_mean_rank": 0.6140448687422669,
        "inverse_harmonic_mean_rank": 0.9303417358907855,
        "inverse_median_rank": 1.0,
        "median_absolute_deviation": 0.0,
        "median_rank": 1.0,
        "standard_deviation": 4319.930200385923,
        "variance": 18661796.93620636,
        "z_arithmetic_mean_rank": 118.15052221820676,
        "z_geometric_mean_rank": 70.77015367290414,
        "z_hits_at_k": 4254.234286667019,
        "z_inverse_harmonic_mean_rank": 10383.044684189124
      },
      "realistic": {
        "adjusted_arithmetic_mean_rank": 0.03532728958783324,
        "adjusted_arithmetic_mean_rank_index": 0.9647198555637283,
        "adjusted_geometric_mean_rank_index": 0.9999582585727068,
        "adjusted_hits_at_k": 0.9405854818865832,
        "adjusted_inverse_harmonic_mean_rank": 0.9303227168373682,
        "arithmetic_mean_rank": 722.893798828125,
        "count": 5000.0,
        "geometric_mean_rank": 1.6285450458526611,
        "harmonic_mean_rank": 1.0748738050460815,
        "hits_at_1": 0.9236,
        "hits_at_10": 0.9406,
        "hits_at_3": 0.9348,
        "hits_at_5": 0.9378,
        "inverse_arithmetic_mean_rank": 0.0013833290431648493,
        "inverse_geometric_mean_rank": 0.6140450239181519,
        "inverse_harmonic_mean_rank": 0.9303417801856995,